id,username,is_active,team_name,created_at
sampleu001,sampleuser-001,false,sampleteam-01,2025-11-22T20:45:46+03:00
sampleu002,sampleuser-002,true,sampleteam-01,2025-11-22T20:45:46+03:00
sampleu003,sampleuser-003,true,sampleteam-01,2025-11-22T20:45:46+03:00
sampleu004,sampleuser-004,true,sampleteam-01,2025-11-22T20:45:46+03:00
sampleu005,sampleuser-005,true,sampleteam-01,2025-11-22T20:45:46+03:00
sampleu006,sampleuser-006,true,sampleteam-01,2025-11-22T20:45:46+03:00
sampleu007,sampleuser-007,true,sampleteam-01,2025-11-22T20:45:46+03:00
sampleu008,sampleuser-008,true,sampleteam-01,2025-11-22T20:45:46+03:00
sampleu009,sampleuser-009,true,sampleteam-01,2025-11-22T20:45:46+03:00
sampleu010,sampleuser-010,true,sampleteam-01,2025-11-22T20:45:46+03:00
sampleu011,sampleuser-011,false,sampleteam-02,2025-11-22T20:45:46+03:00
sampleu012,sampleuser-012,true,sampleteam-02,2025-11-22T20:45:46+03:00
sampleu013,sampleuser-013,true,sampleteam-02,2025-11-22T20:45:46+03:00
sampleu014,sampleuser-014,true,sampleteam-02,2025-11-22T20:45:46+03:00
sampleu015,sampleuser-015,true,sampleteam-02,2025-11-22T20:45:46+03:00
sampleu016,sampleuser-016,true,sampleteam-02,2025-11-22T20:45:46+03:00
sampleu017,sampleuser-017,true,sampleteam-02,2025-11-22T20:45:46+03:00
sampleu018,sampleuser-018,true,sampleteam-02,2025-11-22T20:45:46+03:00
sampleu019,sampleuser-019,true,sampleteam-02,2025-11-22T20:45:46+03:00
sampleu020,sampleuser-020,true,sampleteam-02,2025-11-22T20:45:46+03:00
sampleu021,sampleuser-021,false,sampleteam-03,2025-11-22T20:45:46+03:00
sampleu022,sampleuser-022,true,sampleteam-03,2025-11-22T20:45:46+03:00
sampleu023,sampleuser-023,true,sampleteam-03,2025-11-22T20:45:46+03:00
sampleu024,sampleuser-024,true,sampleteam-03,2025-11-22T20:45:46+03:00
sampleu025,sampleuser-025,true,sampleteam-03,2025-11-22T20:45:46+03:00
sampleu026,sampleuser-026,true,sampleteam-03,2025-11-22T20:45:46+03:00
sampleu027,sampleuser-027,true,sampleteam-03,2025-11-22T20:45:46+03:00
sampleu028,sampleuser-028,true,sampleteam-03,2025-11-22T20:45:46+03:00
sampleu029,sampleuser-029,true,sampleteam-03,2025-11-22T20:45:46+03:00
sampleu030,sampleuser-030,true,sampleteam-03,2025-11-22T20:45:46+03:00
sampleu031,sampleuser-031,false,sampleteam-04,2025-11-22T20:45:46+03:00
sampleu032,sampleuser-032,true,sampleteam-04,2025-11-22T20:45:46+03:00
sampleu033,sampleuser-033,true,sampleteam-04,2025-11-22T20:45:46+03:00
sampleu034,sampleuser-034,true,sampleteam-04,2025-11-22T20:45:46+03:00
sampleu035,sampleuser-035,true,sampleteam-04,2025-11-22T20:45:46+03:00
sampleu036,sampleuser-036,true,sampleteam-04,2025-11-22T20:45:46+03:00
sampleu037,sampleuser-037,true,sampleteam-04,2025-11-22T20:45:46+03:00
sampleu038,sampleuser-038,true,sampleteam-04,2025-11-22T20:45:46+03:00
sampleu039,sampleuser-039,true,sampleteam-04,2025-11-22T20:45:46+03:00
sampleu040,sampleuser-040,true,sampleteam-04,2025-11-22T20:45:46+03:00
sampleu041,sampleuser-041,false,sampleteam-05,2025-11-22T20:45:46+03:00
sampleu042,sampleuser-042,true,sampleteam-05,2025-11-22T20:45:46+03:00
sampleu043,sampleuser-043,true,sampleteam-05,2025-11-22T20:45:46+03:00
sampleu044,sampleuser-044,true,sampleteam-05,2025-11-22T20:45:46+03:00
sampleu045,sampleuser-045,true,sampleteam-05,2025-11-22T20:45:46+03:00
sampleu046,sampleuser-046,true,sampleteam-05,2025-11-22T20:45:46+03:00
sampleu047,sampleuser-047,true,sampleteam-05,2025-11-22T20:45:46+03:00
sampleu048,sampleuser-048,true,sampleteam-05,2025-11-22T20:45:46+03:00
sampleu049,sampleuser-049,true,sampleteam-05,2025-11-22T20:45:46+03:00
sampleu050,sampleuser-050,true,sampleteam-05,2025-11-22T20:45:46+03:00
sampleu051,sampleuser-051,false,sampleteam-06,2025-11-22T20:45:46+03:00
sampleu052,sampleuser-052,true,sampleteam-06,2025-11-22T20:45:46+03:00
sampleu053,sampleuser-053,true,sampleteam-06,2025-11-22T20:45:46+03:00
sampleu054,sampleuser-054,true,sampleteam-06,2025-11-22T20:45:46+03:00
sampleu055,sampleuser-055,true,sampleteam-06,2025-11-22T20:45:46+03:00
sampleu056,sampleuser-056,true,sampleteam-06,2025-11-22T20:45:46+03:00
sampleu057,sampleuser-057,true,sampleteam-06,2025-11-22T20:45:46+03:00
sampleu058,sampleuser-058,true,sampleteam-06,2025-11-22T20:45:46+03:00
sampleu059,sampleuser-059,true,sampleteam-06,2025-11-22T20:45:46+03:00
sampleu060,sampleuser-060,true,sampleteam-06,2025-11-22T20:45:46+03:00
sampleu061,sampleuser-061,false,sampleteam-07,2025-11-22T20:45:46+03:00
sampleu062,sampleuser-062,true,sampleteam-07,2025-11-22T20:45:46+03:00
sampleu063,sampleuser-063,true,sampleteam-07,2025-11-22T20:45:46+03:00
sampleu064,sampleuser-064,true,sampleteam-07,2025-11-22T20:45:46+03:00
sampleu065,sampleuser-065,true,sampleteam-07,2025-11-22T20:45:46+03:00
sampleu066,sampleuser-066,true,sampleteam-07,2025-11-22T20:45:46+03:00
sampleu067,sampleuser-067,true,sampleteam-07,2025-11-22T20:45:46+03:00
sampleu068,sampleuser-068,true,sampleteam-07,2025-11-22T20:45:46+03:00
sampleu069,sampleuser-069,true,sampleteam-07,2025-11-22T20:45:46+03:00
sampleu070,sampleuser-070,true,sampleteam-07,2025-11-22T20:45:46+03:00
sampleu071,sampleuser-071,false,sampleteam-08,2025-11-22T20:45:46+03:00
sampleu072,sampleuser-072,true,sampleteam-08,2025-11-22T20:45:46+03:00
sampleu073,sampleuser-073,true,sampleteam-08,2025-11-22T20:45:46+03:00
sampleu074,sampleuser-074,true,sampleteam-08,2025-11-22T20:45:46+03:00
sampleu075,sampleuser-075,true,sampleteam-08,2025-11-22T20:45:46+03:00
sampleu076,sampleuser-076,true,sampleteam-08,2025-11-22T20:45:46+03:00
sampleu077,sampleuser-077,true,sampleteam-08,2025-11-22T20:45:46+03:00
sampleu078,sampleuser-078,true,sampleteam-08,2025-11-22T20:45:46+03:00
sampleu079,sampleuser-079,true,sampleteam-08,2025-11-22T20:45:46+03:00
sampleu080,sampleuser-080,true,sampleteam-08,2025-11-22T20:45:46+03:00
sampleu081,sampleuser-081,false,sampleteam-09,2025-11-22T20:45:46+03:00
sampleu082,sampleuser-082,true,sampleteam-09,2025-11-22T20:45:46+03:00
sampleu083,sampleuser-083,true,sampleteam-09,2025-11-22T20:45:46+03:00
sampleu084,sampleuser-084,true,sampleteam-09,2025-11-22T20:45:46+03:00
sampleu085,sampleuser-085,true,sampleteam-09,2025-11-22T20:45:46+03:00
sampleu086,sampleuser-086,true,sampleteam-09,2025-11-22T20:45:46+03:00
sampleu087,sampleuser-087,true,sampleteam-09,2025-11-22T20:45:46+03:00
sampleu088,sampleuser-088,true,sampleteam-09,2025-11-22T20:45:46+03:00
sampleu089,sampleuser-089,true,sampleteam-09,2025-11-22T20:45:46+03:00
sampleu090,sampleuser-090,true,sampleteam-09,2025-11-22T20:45:46+03:00
sampleu091,sampleuser-091,false,sampleteam-10,2025-11-22T20:45:46+03:00
sampleu092,sampleuser-092,true,sampleteam-10,2025-11-22T20:45:46+03:00
sampleu093,sampleuser-093,true,sampleteam-10,2025-11-22T20:45:46+03:00
sampleu094,sampleuser-094,true,sampleteam-10,2025-11-22T20:45:46+03:00
sampleu095,sampleuser-095,true,sampleteam-10,2025-11-22T20:45:46+03:00
sampleu096,sampleuser-096,true,sampleteam-10,2025-11-22T20:45:46+03:00
sampleu097,sampleuser-097,true,sampleteam-10,2025-11-22T20:45:46+03:00
sampleu098,sampleuser-098,true,sampleteam-10,2025-11-22T20:45:46+03:00
sampleu099,sampleuser-099,true,sampleteam-10,2025-11-22T20:45:46+03:00
sampleu100,sampleuser-100,true,sampleteam-10,2025-11-22T20:45:46+03:00
sampleu101,sampleuser-101,true,sampleteam-11,2025-11-22T20:45:46+03:00
sampleu102,sampleuser-102,true,sampleteam-11,2025-11-22T20:45:46+03:00
sampleu103,sampleuser-103,true,sampleteam-11,2025-11-22T20:45:46+03:00
sampleu104,sampleuser-104,true,sampleteam-11,2025-11-22T20:45:46+03:00
sampleu105,sampleuser-105,true,sampleteam-11,2025-11-22T20:45:46+03:00
sampleu106,sampleuser-106,true,sampleteam-11,2025-11-22T20:45:46+03:00
sampleu107,sampleuser-107,true,sampleteam-11,2025-11-22T20:45:46+03:00
sampleu108,sampleuser-108,true,sampleteam-11,2025-11-22T20:45:46+03:00
sampleu109,sampleuser-109,true,sampleteam-11,2025-11-22T20:45:46+03:00
sampleu110,sampleuser-110,true,sampleteam-11,2025-11-22T20:45:46+03:00
sampleu111,sampleuser-111,true,sampleteam-12,2025-11-22T20:45:46+03:00
sampleu112,sampleuser-112,true,sampleteam-12,2025-11-22T20:45:46+03:00
sampleu113,sampleuser-113,true,sampleteam-12,2025-11-22T20:45:46+03:00
sampleu114,sampleuser-114,true,sampleteam-12,2025-11-22T20:45:46+03:00
sampleu115,sampleuser-115,true,sampleteam-12,2025-11-22T20:45:46+03:00
sampleu116,sampleuser-116,true,sampleteam-12,2025-11-22T20:45:46+03:00
sampleu117,sampleuser-117,true,sampleteam-12,2025-11-22T20:45:46+03:00
sampleu118,sampleuser-118,true,sampleteam-12,2025-11-22T20:45:46+03:00
sampleu119,sampleuser-119,true,sampleteam-12,2025-11-22T20:45:46+03:00
sampleu120,sampleuser-120,true,sampleteam-12,2025-11-22T20:45:46+03:00
sampleu121,sampleuser-121,true,sampleteam-13,2025-11-22T20:45:46+03:00
sampleu122,sampleuser-122,true,sampleteam-13,2025-11-22T20:45:46+03:00
sampleu123,sampleuser-123,true,sampleteam-13,2025-11-22T20:45:46+03:00
sampleu124,sampleuser-124,true,sampleteam-13,2025-11-22T20:45:46+03:00
sampleu125,sampleuser-125,true,sampleteam-13,2025-11-22T20:45:46+03:00
sampleu126,sampleuser-126,true,sampleteam-13,2025-11-22T20:45:46+03:00
sampleu127,sampleuser-127,true,sampleteam-13,2025-11-22T20:45:46+03:00
sampleu128,sampleuser-128,true,sampleteam-13,2025-11-22T20:45:46+03:00
sampleu129,sampleuser-129,true,sampleteam-13,2025-11-22T20:45:46+03:00
sampleu130,sampleuser-130,true,sampleteam-13,2025-11-22T20:45:46+03:00
sampleu131,sampleuser-131,true,sampleteam-14,2025-11-22T20:45:46+03:00
sampleu132,sampleuser-132,true,sampleteam-14,2025-11-22T20:45:46+03:00
sampleu133,sampleuser-133,true,sampleteam-14,2025-11-22T20:45:46+03:00
sampleu134,sampleuser-134,true,sampleteam-14,2025-11-22T20:45:46+03:00
sampleu135,sampleuser-135,true,sampleteam-14,2025-11-22T20:45:46+03:00
sampleu136,sampleuser-136,true,sampleteam-14,2025-11-22T20:45:46+03:00
sampleu137,sampleuser-137,true,sampleteam-14,2025-11-22T20:45:46+03:00
sampleu138,sampleuser-138,true,sampleteam-14,2025-11-22T20:45:46+03:00
sampleu139,sampleuser-139,true,sampleteam-14,2025-11-22T20:45:46+03:00
sampleu140,sampleuser-140,true,sampleteam-14,2025-11-22T20:45:46+03:00
sampleu141,sampleuser-141,true,sampleteam-15,2025-11-22T20:45:46+03:00
sampleu142,sampleuser-142,true,sampleteam-15,2025-11-22T20:45:46+03:00
sampleu143,sampleuser-143,true,sampleteam-15,2025-11-22T20:45:46+03:00
sampleu144,sampleuser-144,true,sampleteam-15,2025-11-22T20:45:46+03:00
sampleu145,sampleuser-145,true,sampleteam-15,2025-11-22T20:45:46+03:00
sampleu146,sampleuser-146,true,sampleteam-15,2025-11-22T20:45:46+03:00
sampleu147,sampleuser-147,true,sampleteam-15,2025-11-22T20:45:46+03:00
sampleu148,sampleuser-148,true,sampleteam-15,2025-11-22T20:45:46+03:00
sampleu149,sampleuser-149,true,sampleteam-15,2025-11-22T20:45:46+03:00
sampleu150,sampleuser-150,true,sampleteam-15,2025-11-22T20:45:46+03:00
sampleu151,sampleuser-151,true,sampleteam-16,2025-11-22T20:45:46+03:00
sampleu152,sampleuser-152,true,sampleteam-16,2025-11-22T20:45:46+03:00
sampleu153,sampleuser-153,true,sampleteam-16,2025-11-22T20:45:46+03:00
sampleu154,sampleuser-154,true,sampleteam-16,2025-11-22T20:45:46+03:00
sampleu155,sampleuser-155,true,sampleteam-16,2025-11-22T20:45:46+03:00
sampleu156,sampleuser-156,true,sampleteam-16,2025-11-22T20:45:46+03:00
sampleu157,sampleuser-157,true,sampleteam-16,2025-11-22T20:45:46+03:00
sampleu158,sampleuser-158,true,sampleteam-16,2025-11-22T20:45:46+03:00
sampleu159,sampleuser-159,true,sampleteam-16,2025-11-22T20:45:46+03:00
sampleu160,sampleuser-160,true,sampleteam-16,2025-11-22T20:45:46+03:00
sampleu161,sampleuser-161,true,sampleteam-17,2025-11-22T20:45:46+03:00
sampleu162,sampleuser-162,true,sampleteam-17,2025-11-22T20:45:46+03:00
sampleu163,sampleuser-163,true,sampleteam-17,2025-11-22T20:45:46+03:00
sampleu164,sampleuser-164,true,sampleteam-17,2025-11-22T20:45:46+03:00
sampleu165,sampleuser-165,true,sampleteam-17,2025-11-22T20:45:46+03:00
sampleu166,sampleuser-166,true,sampleteam-17,2025-11-22T20:45:46+03:00
sampleu167,sampleuser-167,true,sampleteam-17,2025-11-22T20:45:46+03:00
sampleu168,sampleuser-168,true,sampleteam-17,2025-11-22T20:45:46+03:00
sampleu169,sampleuser-169,true,sampleteam-17,2025-11-22T20:45:46+03:00
sampleu170,sampleuser-170,true,sampleteam-17,2025-11-22T20:45:46+03:00
sampleu171,sampleuser-171,true,sampleteam-18,2025-11-22T20:45:46+03:00
sampleu172,sampleuser-172,true,sampleteam-18,2025-11-22T20:45:46+03:00
sampleu173,sampleuser-173,true,sampleteam-18,2025-11-22T20:45:46+03:00
sampleu174,sampleuser-174,true,sampleteam-18,2025-11-22T20:45:46+03:00
sampleu175,sampleuser-175,true,sampleteam-18,2025-11-22T20:45:46+03:00
sampleu176,sampleuser-176,true,sampleteam-18,2025-11-22T20:45:46+03:00
sampleu177,sampleuser-177,true,sampleteam-18,2025-11-22T20:45:46+03:00
sampleu178,sampleuser-178,true,sampleteam-18,2025-11-22T20:45:46+03:00
sampleu179,sampleuser-179,true,sampleteam-18,2025-11-22T20:45:46+03:00
sampleu180,sampleuser-180,true,sampleteam-18,2025-11-22T20:45:46+03:00
sampleu181,sampleuser-181,true,sampleteam-19,2025-11-22T20:45:46+03:00
sampleu182,sampleuser-182,true,sampleteam-19,2025-11-22T20:45:46+03:00
sampleu183,sampleuser-183,true,sampleteam-19,2025-11-22T20:45:46+03:00
sampleu184,sampleuser-184,true,sampleteam-19,2025-11-22T20:45:46+03:00
sampleu185,sampleuser-185,true,sampleteam-19,2025-11-22T20:45:46+03:00
sampleu186,sampleuser-186,true,sampleteam-19,2025-11-22T20:45:46+03:00
sampleu187,sampleuser-187,true,sampleteam-19,2025-11-22T20:45:46+03:00
sampleu188,sampleuser-188,true,sampleteam-19,2025-11-22T20:45:46+03:00
sampleu189,sampleuser-189,true,sampleteam-19,2025-11-22T20:45:46+03:00
sampleu190,sampleuser-190,true,sampleteam-19,2025-11-22T20:45:46+03:00
sampleu191,sampleuser-191,true,sampleteam-20,2025-11-22T20:45:46+03:00
sampleu192,sampleuser-192,true,sampleteam-20,2025-11-22T20:45:46+03:00
sampleu193,sampleuser-193,true,sampleteam-20,2025-11-22T20:45:46+03:00
sampleu194,sampleuser-194,true,sampleteam-20,2025-11-22T20:45:46+03:00
sampleu195,sampleuser-195,true,sampleteam-20,2025-11-22T20:45:46+03:00
sampleu196,sampleuser-196,true,sampleteam-20,2025-11-22T20:45:46+03:00
sampleu197,sampleuser-197,true,sampleteam-20,2025-11-22T20:45:46+03:00
sampleu198,sampleuser-198,true,sampleteam-20,2025-11-22T20:45:46+03:00
sampleu199,sampleuser-199,true,sampleteam-20,2025-11-22T20:45:46+03:00
sampleu200,sampleuser-200,true,sampleteam-20,2025-11-22T20:45:46+03:00
